ID,X,Y,Max,Min,Area,R,Phi,Sample,Section,flip,sense,part,B,e,Area_norm,pretty
1,2050.462,1896.223,135.147,87.645,37212.03559527766,1.542,178.53,HT-17,XZ,FALSE,dextral,NA,0.4078923216660489,0.2165401375705689,0.4773642845999498,HT-17 (XZ)
2,1741.01,1575.699,154.667,141.617,68811.80098299879,1.092,134.62,HT-17,XZ,FALSE,dextral,NA,0.08778433762196332,0.044005438661356686,0.8827331163912975,HT-17 (XZ)
4,3405.425,586.568,148.729,114.203,53360.88737499271,1.302,15.35,HT-17,XZ,FALSE,dextral,NA,0.25794114285968706,0.13195077189318877,0.6845253536899887,HT-17 (XZ)
5,3354.368,2536.469,159.907,155.173,77953.12049049254,1.031,93.22,HT-17,XZ,FALSE,dextral,NA,0.03051972383384845,0.015264602517411395,1,HT-17 (XZ)
6,1595.929,2035.022,82.682,43.661,11341.082883978082,1.894,-22.38,HT-17,XZ,FALSE,dextral,NA,0.5640076071952697,0.31934549738194323,0.145485938377044,HT-17 (XZ)
7,912.342,834.246,60.337,57.462,10892.167804044018,1.05,-116.57,HT-17,XZ,FALSE,dextral,NA,0.04875148632580263,0.024395082084716024,0.13972715569959088,HT-17 (XZ)
8,2394.198,948.927,79.756,67.646,16949.4401844775,1.179,68.5,HT-17,XZ,FALSE,dextral,NA,0.16319427156270544,0.08233331077761696,0.21743119554200163,HT-17 (XZ)
9,4899.186,775.782,77.537,50.532,12309.07318328689,1.534,-16.86,HT-17,XZ,FALSE,dextral,NA,0.40354698677902257,0.21393935147253224,0.15790353363452783,HT-17 (XZ)
10,5384.893,2763.582,66.44,33.73,7040.375738458982,1.97,-23.96,HT-17,XZ,FALSE,dextral,NA,0.590239505009322,0.33901677137494857,0.09031550878476574,HT-17 (XZ)
11,2115.366,3444.921,95.455,56.216,16858.094934888824,1.698,15.02,HT-17,XZ,FALSE,dextral,NA,0.48496138755522494,0.26472554394457776,0.21625939832575275,HT-17 (XZ)
12,3309.395,3593.331,91.313,53.45,15333.107961283735,1.708,-9.93,HT-17,XZ,FALSE,dextral,NA,0.4894395680250297,0.26766154768318906,0.19669652561444054,HT-17 (XZ)
13,1984.945,2759.085,119.263,33.73,12637.813541478532,3.536,2.16,HT-17,XZ,FALSE,dextral,NA,0.8518880131191674,0.6314980723876985,0.16212068820285247,HT-17 (XZ)
14,2954.11,1920.341,80.356,34.324,8664.950300687371,2.341,-17.93,HT-17,XZ,FALSE,dextral,NA,0.6913714081225799,0.4252890942543869,0.11115591327410916,HT-17 (XZ)
15,968.558,2855.776,54.061,42.248,7175.300633550685,1.28,-73.07,HT-17,XZ,FALSE,dextral,NA,0.24196482716798065,0.1234300389657629,0.09204635540441017,HT-17 (XZ)
16,5267.963,1463.866,111.642,56.931,19967.61953642287,1.961,9.27,HT-17,XZ,FALSE,dextral,NA,0.5872476870908206,0.33672727360710464,0.25614907281175736,HT-17 (XZ)
17,4941.91,3397.699,75.388,24.323,5760.620086242788,3.099,-17.35,HT-17,XZ,FALSE,dextral,NA,0.8113883879940788,0.5655397394028057,0.07389851810929589,HT-17 (XZ)
18,5809.886,2837.787,81.728,36.605,9398.556469190633,2.233,7.91,HT-17,XZ,FALSE,dextral,NA,0.6659031997953991,0.40167298642901045,0.12056677667364088,HT-17 (XZ)
19,6504.717,3091.884,65.211,53.07,10872.259770159259,1.229,-43.6,HT-17,XZ,FALSE,dextral,NA,0.2033272241809308,0.10310041529194892,0.13947177100479616,HT-17 (XZ)
20,4516.916,2309.356,136.798,67.083,28829.831030448568,2.039,-25.3,HT-17,XZ,FALSE,dextral,NA,0.6122167995050336,0.3562297457961591,0.36983549662985926,HT-17 (XZ)
21,4642.84,1735.952,61.417,24.219,4672.988140057793,2.536,-66.25,HT-17,XZ,FALSE,dextral,NA,0.7308679401278054,0.46529401828748973,0.05994613314585307,HT-17 (XZ)
22,1829.788,2394.805,89.608,62.357,17554.233464095727,1.437,17.53,HT-17,XZ,FALSE,dextral,NA,0.34746485200992244,0.18127880354844395,0.22518961849945068,HT-17 (XZ)
23,615.521,2088.989,83.654,51.277,13475.943865354051,1.631,36.25,HT-17,XZ,FALSE,dextral,NA,0.45357594925469125,0.2445966618194384,0.17287241075868962,HT-17 (XZ)
24,1083.239,1958.568,56.396,54.154,9594.640683690845,1.041,175.24,HT-17,XZ,FALSE,dextral,NA,0.040160178069483715,0.02009089481641588,0.12308218867083125,HT-17 (XZ)
25,2679.775,544.172,50.732,37.425,5964.769497934258,1.356,12.8,HT-17,XZ,FALSE,dextral,NA,0.29546107845181807,0.15226959475910196,0.07651739225322922,HT-17 (XZ)
26,1132.709,2176.686,108.798,39.846,13619.322855391601,2.73,18.06,HT-17,XZ,FALSE,dextral,NA,0.7633948112482106,0.5021508045984342,0.1747117083921312,HT-17 (XZ)
27,862.872,2230.654,97.732,55.309,16981.750874300247,1.767,-23.03,HT-17,XZ,FALSE,dextral,NA,0.5148326572930718,0.28464159666877964,0.21784568427086132,HT-17 (XZ)
28,2992.337,3035.668,61.417,39.335,7589.577954877299,1.561,-23.75,HT-17,XZ,FALSE,dextral,NA,0.41804993771679455,0.2226633207666475,0.09736079719609111,HT-17 (XZ)
29,1116.75,1331.505,56.485,37.327,6623.782943966152,1.513,22.44,HT-17,XZ,FALSE,dextral,NA,0.39194367939135993,0.2070472174031094,0.0849713635873501,HT-17 (XZ)
30,1761,1364.505,67.783,44.931,9567.90255405862,1.509,24.86,HT-17,XZ,FALSE,dextral,NA,0.38970077334066505,0.20572358989285588,0.1227391859858331,HT-17 (XZ)
31,1445.25,1501.005,58.37,28.112,5155.031342798298,2.076,-27.55,HT-17,XZ,FALSE,dextral,NA,0.623336276332561,0.36522148265182114,0.06612989076462981,HT-17 (XZ)
32,989.25,1577.505,24.795,15.66,1219.8480689845849,1.583,-3.47,HT-17,XZ,FALSE,dextral,NA,0.4295312829356548,0.22966089044943755,0.015648482848526407,HT-17 (XZ)
33,2880.75,1817.505,80.46,24.187,6113.809543685799,3.327,-16.24,HT-17,XZ,FALSE,dextral,NA,0.8342852128801155,0.6010354985181698,0.07842931117082687,HT-17 (XZ)
34,2684.25,2010.255,38.021,26.927,3216.335751535117,1.412,75.14,HT-17,XZ,FALSE,dextral,NA,0.33194020597619567,0.17250356953552515,0.041259871719021096,HT-17 (XZ)
35,2065.5,961.005,65.521,37.507,7720.451841640422,1.747,15.95,HT-17,XZ,FALSE,dextral,NA,0.5064176807109758,0.2789500155759598,0.0990396765782075,HT-17 (XZ)
36,2635.5,1905.255,54.047,35.568,6039.22083302825,1.52,2.39,HT-17,XZ,FALSE,dextral,NA,0.3958434026099565,0.20935516742909252,0.07747247056985765,HT-17 (XZ)
37,2487,1886.505,33.842,16.155,1717.5637130049045,2.095,-12.8,HT-17,XZ,FALSE,dextral,NA,0.6288753531482968,0.36977677668705056,0.022033290036341587,HT-17 (XZ)
38,3015.75,2097.255,117.771,28.657,10602.760685388552,4.11,-1.09,HT-17,XZ,FALSE,dextral,NA,0.8882188228324233,0.7067115142540716,0.13601457669268935,HT-17 (XZ)
39,1403.25,1951.755,29.868,18.75,1759.370425826624,1.593,-38.88,HT-17,XZ,FALSE,dextral,NA,0.43465278776950456,0.23280951546395573,0.022569595864237447,HT-17 (XZ)
40,2022.75,1768.005,39.693,14.773,1842.1818311399354,2.687,-157.8,HT-17,XZ,FALSE,dextral,NA,0.7566900799747541,0.4942126648166771,0.02363191902451955,HT-17 (XZ)
41,1830.75,1760.505,31.33,10.66,1049.2222029420811,2.939,11.04,HT-17,XZ,FALSE,dextral,NA,0.792482060852353,0.5390346937183902,0.013459656218252973,HT-17 (XZ)
42,3251.25,1363.005,52.097,25.467,4168.121558857076,2.046,6.61,HT-17,XZ,FALSE,dextral,NA,0.614354943082646,0.3579433337647173,0.05346959214243945,HT-17 (XZ)
43,3214.5,1114.755,36.288,28.002,3192.2872022054858,1.296,18.06,HT-17,XZ,FALSE,dextral,NA,0.25362439991401753,0.12964129896504148,0.04095137156946564,HT-17 (XZ)
44,2749.5,998.505,36.031,18.81,2129.1927753970986,1.916,2.39,HT-17,XZ,FALSE,dextral,NA,0.5718312946794043,0.3251198397743344,0.027313759372298418,HT-17 (XZ)
45,1911.75,2585.505,48.286,34.353,5211.176372455596,1.406,-43.11,HT-17,XZ,FALSE,dextral,NA,0.32814572250537144,0.17037439669423654,0.06685013171590957,HT-17 (XZ)
46,1708.5,2551.755,63.821,35.568,7131.369230201416,1.794,-19.93,HT-17,XZ,FALSE,dextral,NA,0.5258906381417189,0.2922238818183022,0.09148279357298064,HT-17 (XZ)
47,1028.25,3363.255,61.197,21.173,4070.637253948986,2.89,-19.32,HT-17,XZ,FALSE,dextral,NA,0.7861442884485838,0.5306282510621704,0.05221904175658313,HT-17 (XZ)
48,922.5,3537.255,69.637,29.972,6557.007038087668,2.323,22.15,HT-17,XZ,FALSE,dextral,NA,0.6873206490785574,0.42142972689413605,0.08411474738701942,HT-17 (XZ)
49,681,3364.755,40.673,24.602,3143.5943067826574,1.653,-22.78,HT-17,XZ,FALSE,dextral,NA,0.4641530443207055,0.2512959094194436,0.0403267282567099,HT-17 (XZ)
50,681.75,3154.755,35.89,22.81,2571.867653294672,1.573,26.03,HT-17,XZ,FALSE,dextral,NA,0.4243492772273438,0.22649231203807038,0.03299249134751888,HT-17 (XZ)
51,817.5,3149.505,35.306,19.514,2164.435708422191,1.809,77.74,HT-17,XZ,FALSE,dextral,NA,0.5318879124330804,0.296387103206579,0.027765863570351542,HT-17 (XZ)
52,884.25,3042.255,24.487,21.451,1650.1863743456308,1.142,-27.35,HT-17,XZ,FALSE,dextral,NA,0.13200622872330262,0.0663905556169092,0.021168958522281272,HT-17 (XZ)
53,1575,3280.005,61.573,18.81,3638.5553206829004,3.273,-2.79,HT-17,XZ,FALSE,dextral,NA,0.8292426853329457,0.5928534977595218,0.0466761984355286,HT-17 (XZ)
54,1370.25,3562.25,36.008,20.594,2329.64411156188,1.748,88.81,HT-17,XZ,FALSE,dextral,NA,0.5068430458951588,0.27923613861667185,0.029885193779330646,HT-17 (XZ)
55,1827,3712.25,47.101,20.594,3047.3385719472362,2.287,-9.16,HT-17,XZ,FALSE,dextral,NA,0.6789917258512297,0.413620457520322,0.039091938241508896,HT-17 (XZ)
56,1711.5,3779.75,47.101,24.487,3623.3941736074567,1.923,-9.16,HT-17,XZ,FALSE,dextral,NA,0.5742804967891171,0.32694323330332137,0.04648170786247588,HT-17 (XZ)
57,2591.25,3385.25,32.285,19.629,1990.8972121402842,1.645,-2.66,HT-17,XZ,FALSE,dextral,NA,0.4603382330124594,0.24887019210866762,0.025539673070343626,HT-17 (XZ)
58,2465.25,3140.75,33.883,16.449,1750.9398582681583,2.06,5.08,HT-17,XZ,FALSE,dextral,NA,0.6185826531390648,0.3613529914007449,0.02246144666500823,HT-17 (XZ)
59,1047,2556.5,49.346,33.305,5163.108660254016,1.482,24.23,HT-17,XZ,FALSE,dextral,NA,0.3742812055348582,0.19669626343694757,0.06623350839282603,HT-17 (XZ)
60,1583.25,2309.75,63.129,37.925,7521.498479684726,1.665,23.82,HT-17,XZ,FALSE,dextral,NA,0.4698089323940115,0.2549125617162036,0.09648745851812406,HT-17 (XZ)
61,2028.75,2236.25,41.98,21.173,2792.3811938620915,1.983,-18.76,HT-17,XZ,FALSE,dextral,NA,0.5945087564820309,0.34230542476882947,0.03582128818310309,HT-17 (XZ)
62,2425.5,2744,56.569,47.345,8413.999756996505,1.195,96.09,HT-17,XZ,FALSE,dextral,NA,0.176285252417088,0.08907309269173702,0.10793666378015886,HT-17 (XZ)
63,2509.5,2363.75,45.025,40.562,5737.503386701286,1.11,60.02,HT-17,XZ,FALSE,dextral,NA,0.1039827964696923,0.05218000766212143,0.07360197193646731,HT-17 (XZ)
64,2817.75,2302.25,52.42,31.482,5184.527756222853,1.665,109.21,HT-17,XZ,FALSE,dextral,NA,0.4698089323940115,0.2549125617162036,0.06650827732874628,HT-17 (XZ)
67,1235.25,2272.25,35.568,24.337,2719.4204565176333,1.461,42.44,HT-17,XZ,FALSE,dextral,NA,0.36194397804321626,0.18956056638428123,0.034885331586556614,HT-17 (XZ)
68,1431.75,2476.25,44.021,21.84,3020.38573644829,2.016,-13.8,HT-17,XZ,FALSE,dextral,NA,0.605075256859053,0.3505576751045611,0.03874618126180937,HT-17 (XZ)
69,795.75,1730,36.574,24.739,2842.5261836748928,1.478,15.46,HT-17,XZ,FALSE,dextral,NA,0.3719547656700426,0.19534491126300502,0.036464559286264596,HT-17 (XZ)
70,1370.25,1285.25,28.746,17.103,1544.5415280508369,1.681,-15.12,HT-17,XZ,FALSE,dextral,NA,0.47722819067892636,0.25969442721323927,0.019813722893097206,HT-17 (XZ)
71,1724.25,1133,49.443,23.431,3639.531737104414,2.11,-22.29,HT-17,XZ,FALSE,dextral,NA,0.6331688707103684,0.37334397374398753,0.046688724122959324,HT-17 (XZ)
72,2198.25,2795.75,32.872,17.573,1814.771331564807,1.871,-55.22,HT-17,XZ,FALSE,dextral,NA,0.5556188551808509,0.31323652364597626,0.023280291028069153,HT-17 (XZ)
73,1496.25,3061.25,44.275,21.332,2967.1535223843625,2.076,1.94,HT-17,XZ,FALSE,dextral,NA,0.623336276332561,0.36522148265182114,0.03806330655802609,HT-17 (XZ)
74,1132.5,2725.25,64.709,55.611,11305.122320084723,1.164,44.06,HT-17,XZ,FALSE,dextral,NA,0.15070559379267698,0.07593117465462301,0.14502462825030255,HT-17 (XZ)
75,1395,3040.25,48.21,21.956,3325.371928249905,2.196,5.36,HT-17,XZ,FALSE,dextral,NA,0.6564999821379991,0.3933187618236421,0.04265861209052536,HT-17 (XZ)
76,2862,2426.75,53.77,37.657,6361.149866488531,1.428,-30.14,HT-17,XZ,FALSE,dextral,NA,0.34192862294615917,0.1781374319586963,0.08160224794675618,HT-17 (XZ)
77,3105.75,1778.75,30.603,18.031,1733.539286559864,1.697,-36.03,HT-17,XZ,FALSE,dextral,NA,0.48451070658375195,0.2644309931260447,0.022238228253752754,HT-17 (XZ)
78,2333.25,1999.25,54.275,23.443,3997.264553276677,2.315,11.15,HT-17,XZ,FALSE,dextral,NA,0.6854962672338217,0.41970484376909867,0.05127780040266892,HT-17 (XZ)
79,2459.25,2106.5,30.019,12.369,1166.4890947986773,2.427,-12.99,HT-17,XZ,FALSE,dextral,NA,0.7097380981372587,0.4433279633722322,0.01496398203765232,HT-17 (XZ)
80,1386.75,319.25,85.714,62.255,16763.931318548322,1.377,-74.26,HT-17,XZ,FALSE,dextral,NA,0.3094230263914349,0.1599536098732589,0.21505144647279278,HT-17 (XZ)
81,1239.75,550.25,36.75,15.66,1808.002280104194,2.347,0,HT-17,XZ,FALSE,dextral,NA,0.6927052371785485,0.4265689584344432,0.02319345612757997,HT-17 (XZ)
82,1067.25,549.5,19.121,17.135,1029.3061862703917,1.116,48.18,HT-17,XZ,FALSE,dextral,NA,0.10931231785436914,0.054875431979559644,0.013204169118488717,HT-17 (XZ)
83,763.5,530,31.616,21.12,2097.7354112541007,1.497,-67.69,HT-17,XZ,FALSE,dextral,NA,0.3829082239512449,0.20173155271874568,0.02691021729540575,HT-17 (XZ)
84,889.5,695.75,52.5,36.031,5942.723057328427,1.457,0,HT-17,XZ,FALSE,dextral,NA,0.35955917176911223,0.18818976360653392,0.07623457560051396,HT-17 (XZ)
85,956.25,1013,32.259,13.098,1327.4120608243818,2.463,1.33,HT-17,XZ,FALSE,dextral,NA,0.7169692100709714,0.45069005956920044,0.017028337704406305,HT-17 (XZ)
86,1416,878.75,59.34,13.416,2501.0390017868704,4.423,-16.14,HT-17,XZ,FALSE,dextral,NA,0.9027375915172396,0.7434090994430949,0.03208388562317921,HT-17 (XZ)
87,1794.75,782.75,32.285,12.023,1219.448631186644,2.685,-2.66,HT-17,XZ,FALSE,dextral,NA,0.7563716428773727,0.49384036398041403,0.01564335877144742,HT-17 (XZ)
88,1946.25,674.75,38.718,15.75,1915.7699036966114,2.458,-8.91,HT-17,XZ,FALSE,dextral,NA,0.7159802572196399,0.44967400557192155,0.02457592321695789,HT-17 (XZ)
89,2745.75,427.25,53.461,26.538,4457.1283506438795,2.015,-34.14,HT-17,XZ,FALSE,dextral,NA,0.6047606578758851,0.3503095976993232,0.05717703566706464,HT-17 (XZ)
90,2852.25,896.75,33.009,21.866,2267.5223903766864,1.51,-88.7,HT-17,XZ,FALSE,dextral,NA,0.3902624919971952,0.2060548254134165,0.02908828249734072,HT-17 (XZ)
91,6001.5,2915,39.693,27.166,3387.579477746395,1.461,67.8,HT-17,XZ,FALSE,dextral,NA,0.36194397804321626,0.18956056638428123,0.04345662439721777,HT-17 (XZ)
92,6036,2137.25,55.52,27.259,4754.548148486216,2.037,1.55,HT-17,XZ,FALSE,dextral,NA,0.6116028973647063,0.35573906862233434,0.060992403108046184,HT-17 (XZ)
93,5128.5,2278.25,34.63,22.562,2454.595643783644,1.535,-94.97,HT-17,XZ,FALSE,dextral,NA,0.4040923954740817,0.2142651905195802,0.03148809987770811,HT-17 (XZ)
94,4909.5,2332.25,45.621,20.471,2933.956912858076,2.229,9.46,HT-17,XZ,FALSE,dextral,NA,0.6649041181775944,0.4007765272018659,0.037637453053799334,HT-17 (XZ)
95,5530.5,2486,31.864,15.821,1583.7407692355594,2.014,-26.57,HT-17,XZ,FALSE,dextral,NA,0.6044457137341985,0.35006139714818524,0.020316579493808953,HT-17 (XZ)
96,5700.75,2669.75,48.957,20.594,3167.4179840517368,2.377,5.27,HT-17,XZ,FALSE,dextral,NA,0.6992539543217883,0.43291959418902837,0.0406323436973642,HT-17 (XZ)
97,5861.25,3101,45.311,25.861,3681.279852939959,1.752,-12.43,HT-17,XZ,FALSE,dextral,NA,0.5085396156386626,0.28037899625709983,0.047224278255659335,HT-17 (XZ)
98,4169.25,2369.75,41.113,15.75,2034.2747055808354,2.61,-14.8,HT-17,XZ,FALSE,dextral,NA,0.7439868921288769,0.479675110667301,0.026096129222035996,HT-17 (XZ)
99,4106.25,2222,61.308,20.194,3889.4605720324794,3.036,7.73,HT-17,XZ,FALSE,dextral,NA,0.8042534932921588,0.5552704297666917,0.04989486690923236,HT-17 (XZ)
100,4462.5,2540,31.005,27.912,2718.770599227682,1.111,57.85,HT-17,XZ,FALSE,dextral,NA,0.10487347162739821,0.05263025532874647,0.03487699507243297,HT-17 (XZ)
101,4050,2966.75,28.657,17.493,1574.8706614489297,1.638,42.88,HT-17,XZ,FALSE,dextral,NA,0.45697091862057576,0.2467379927154388,0.020202791774589793,HT-17 (XZ)
102,5817,1249.25,72.016,37.485,8480.791446236482,1.921,54.32,HT-17,XZ,FALSE,dextral,NA,0.5735826794401396,0.3264229418932098,0.10879348245296777,HT-17 (XZ)
103,5657.25,1234.25,66.817,32.467,6815.2062916054965,2.058,-177.43,HT-17,XZ,FALSE,dextral,NA,0.6179826273779626,0.36086731870592886,0.08742698494586507,HT-17 (XZ)
104,5372.25,1682.75,46.385,27.76,4045.2642405725283,1.671,-50.91,HT-17,XZ,FALSE,dextral,NA,0.47260735802392306,0.25671112480662833,0.051893551087103744,HT-17 (XZ)
105,5400.75,1782.5,48.663,35.56,5436.388736606322,1.368,28.54,HT-17,XZ,FALSE,dextral,NA,0.3034814781794678,0.1566749096001794,0.06973920610746255,HT-17 (XZ)
106,5839.5,1709.75,88.245,41.305,11450.978694690673,2.136,-31.8,HT-17,XZ,FALSE,dextral,NA,0.6404491796488483,0.37946746054897423,0.1468957063250249,HT-17 (XZ)
107,6330,1897.25,77.319,32.459,7884.446980546852,2.382,18.08,HT-17,XZ,FALSE,dextral,NA,0.7003262248716048,0.4339702354665542,0.10114344276324985,HT-17 (XZ)
108,5466,809.75,52.757,24.233,4016.401740855208,2.177,-14.83,HT-17,XZ,FALSE,dextral,NA,0.6515272081457606,0.38897389112620523,0.05152329650927911,HT-17 (XZ)
109,3783.75,936.5,46.488,21.763,3178.406917012431,2.136,-72.15,HT-17,XZ,FALSE,dextral,NA,0.6404491796488483,0.37946746054897423,0.04077331217805555,HT-17 (XZ)
110,3846.75,961.25,22.958,15.768,1137.262019537093,1.456,51.63,HT-17,XZ,FALSE,dextral,NA,0.3589612094607069,0.1878464748872471,0.014589050603507243,HT-17 (XZ)
111,3874.5,1109.75,48.859,27.912,4284.35454628819,1.751,-17.88,HT-17,XZ,FALSE,dextral,NA,0.5081162055788967,0.2800935266518574,0.05496065480548308,HT-17 (XZ)
112,4576.5,1474.25,45.695,21.866,3138.975298502308,2.09,-23.2,HT-17,XZ,FALSE,dextral,NA,0.627428699167303,0.3685820329883598,0.04026747458923276,HT-17 (XZ)
113,4199.25,1169,58.027,47.629,8682.63319161948,1.218,-14.22,HT-17,XZ,FALSE,dextral,NA,0.194692702788457,0.09860508464385263,0.11138275333927712,HT-17 (XZ)
114,6034.5,905,35.473,17.396,1938.6400950289556,2.039,-13.45,HT-17,XZ,FALSE,dextral,NA,0.6122167995050336,0.3562297457961591,0.024869307127549815,HT-17 (XZ)
115,6265.5,669.5,62.033,39.13,7625.748980345708,1.585,-14.71,HT-17,XZ,FALSE,dextral,NA,0.4305603997465994,0.23029220366462197,0.09782480717081458,HT-17 (XZ)
116,5598.75,425.75,70.536,32.76,7259.464629589852,2.153,-8.56,HT-17,XZ,FALSE,dextral,NA,0.6451011807661166,0.383431109191113,0.09312602989992227,HT-17 (XZ)
117,5179.5,452.75,68.82,29.125,6296.953336983943,2.363,-20.41,HT-17,XZ,FALSE,dextral,NA,0.6962226347856373,0.42996599910238537,0.08077872056131406,HT-17 (XZ)
118,5082,286.5,44.275,18.765,2610.099186552717,2.359,-10.74,HT-17,XZ,FALSE,dextral,NA,0.6953486285585374,0.429118900212769,0.033482933975312185,HT-17 (XZ)
119,4241.25,1730.25,62.43,30.373,5957.04523266095,2.055,-141.34,HT-17,XZ,FALSE,dextral,NA,0.6170801403401286,0.360137923974099,0.07641830365709984,HT-17 (XZ)
120,3843.75,330.75,57.241,32.04,5761.686078895632,1.787,-21.52,HT-17,XZ,FALSE,dextral,NA,0.5230565209024056,0.2902691180886455,0.07391219290058246,HT-17 (XZ)
121,3503.25,281.25,38.279,29.944,3600.976362192452,1.278,-55.38,HT-17,XZ,FALSE,dextral,NA,0.24049210035833585,0.12264817797767154,0.046194127182267716,HT-17 (XZ)
122,3958.5,209.25,18.125,13.686,779.299546658667,1.324,-114.44,HT-17,XZ,FALSE,dextral,NA,0.27351346324849907,0.14032872875740826,0.00999702823639643,HT-17 (XZ)
123,3232.5,344.25,35.655,13.098,1467.15264046292,2.722,-14.62,HT-17,XZ,FALSE,dextral,NA,0.7621676233077632,0.5006834521146372,0.018820960998499857,HT-17 (XZ)
124,3625.5,930.75,40.942,15.892,2044.0780894386596,2.576,8.43,HT-17,XZ,FALSE,dextral,NA,0.7380750823491942,0.4731189041210536,0.026221889214658997,HT-17 (XZ)
125,3642,383.25,69.923,67.103,14740.488035897306,1.042,54.61,HT-17,XZ,FALSE,dextral,NA,0.041118745936740767,0.020570971665587606,0.189094265157674,HT-17 (XZ)
126,4337.25,327.75,38.485,24.418,2952.238591349959,1.576,-33.07,HT-17,XZ,FALSE,dextral,NA,0.4259102766653195,0.2274449957178437,0.03787197449921232,HT-17 (XZ)
127,3833.25,1698,36.819,15.66,1811.3968966301038,2.351,-3.5,HT-17,XZ,FALSE,dextral,NA,0.6935899476666951,0.4274203847789662,0.0232370030247991,HT-17 (XZ)
128,4387.5,1850.25,62.227,43.636,8530.483939893016,1.426,-15.38,HT-17,XZ,FALSE,dextral,NA,0.340690349948376,0.17743666099605207,0.10943094883460665,HT-17 (XZ)
129,2792.25,1410.75,42.855,42.06,5662.66201031298,1.019,148.86,HT-17,XZ,FALSE,dextral,NA,0.01881953196710488,0.009410877120293834,0.07264189008320225,HT-17 (XZ)
130,3408.75,921,71.851,41.189,9297.451846315622,1.744,-13.89,HT-17,XZ,FALSE,dextral,NA,0.5051386403585172,0.27809066274339395,0.11926978404218692,HT-17 (XZ)
131,2714.25,2906.25,44.881,24.761,3491.24701819139,1.813,9.62,HT-17,XZ,FALSE,dextral,NA,0.5334699177904015,0.297491465886357,0.044786494706356185,HT-17 (XZ)
132,3188.25,2958,47.256,16.5,2449.5751902276475,2.864,-0.91,HT-17,XZ,FALSE,dextral,NA,0.7826676588612481,0.5261096245491995,0.03142369638078064,HT-17 (XZ)
133,3291,3195,37.507,18.14,2137.4673220396094,2.068,1.15,HT-17,XZ,FALSE,dextral,NA,0.6209697715812231,0.3632909783230914,0.027419907100451522,HT-17 (XZ)
134,4158.75,3027.75,43.403,28.192,3844.1073592464195,1.54,18.12,HT-17,XZ,FALSE,dextral,NA,0.4068098232293273,0.21589120821276891,0.04931306578952489,HT-17 (XZ)
135,4075.5,2570.25,51,28.746,4605.719343424702,1.774,-61.93,HT-17,XZ,FALSE,dextral,NA,0.5177324939306635,0.2866184419436939,0.05908319403309112,HT-17 (XZ)
136,2982.75,2703,63.542,34.007,6788.58209497245,1.868,-30.5,HT-17,XZ,FALSE,dextral,NA,0.5545085516538425,0.31243416990332545,0.08708544381876812,HT-17 (XZ)
137,1949.25,3288,37.002,24.395,2835.80193132552,1.517,17.7,HT-17,XZ,FALSE,dextral,NA,0.3941760324527782,0.20836735018319757,0.036378299078757025,HT-17 (XZ)
138,3880.5,3608,47.226,25.301,3753.779187712977,1.867,-10.06,HT-17,XZ,FALSE,dextral,NA,0.5541376140878246,0.3121664322797928,0.048154315877204715,HT-17 (XZ)
139,3697.5,3620,43.893,26.707,3682.7330908696567,1.644,16.89,HT-17,XZ,FALSE,dextral,NA,0.4598588719260568,0.24856614831699406,0.047242920715647514,HT-17 (XZ)
140,3678.75,3174.5,38.021,25.456,3040.6299584460926,1.494,14.86,HT-17,XZ,FALSE,dextral,NA,0.3811950114417042,0.2007285433553128,0.03900587865263122,HT-17 (XZ)
141,3310.5,3105.5,34.962,16.771,1842.0656330524575,2.085,67.29,HT-17,XZ,FALSE,dextral,NA,0.6259742202731323,0.36738442762538237,0.023630428409560884,HT-17 (XZ)
142,2967.75,3197.75,18.75,9.277,546.4604071378595,2.021,73.74,HT-17,XZ,FALSE,dextral,NA,0.6066430901646809,0.35179621921074195,0.007010115870916392,HT-17 (XZ)
143,3098.25,2990.75,30.345,18.14,1729.3157513875265,1.673,39.99,HT-17,XZ,FALSE,dextral,NA,0.4735358307565106,0.2573092110023435,0.022184047803428735,HT-17 (XZ)
144,1676.25,3345.5,33.289,23.286,2435.2610071068348,1.43,67.48,HT-17,XZ,FALSE,dextral,NA,0.3431639791126145,0.17883722213590794,0.03124007085006749,HT-17 (XZ)
145,1629,3629.75,28.182,13.789,1220.827925450054,2.044,25.2,HT-17,XZ,FALSE,dextral,NA,0.6137457087148238,0.357454336170729,0.01566105266560754,HT-17 (XZ)
146,2156.25,2130.5,35.639,22.612,2531.7123437840537,1.576,8.47,HT-17,XZ,FALSE,dextral,NA,0.4259102766653195,0.2274449957178437,0.03247737008928117,HT-17 (XZ)
147,1950.75,855.5,44.307,23.443,3263.1377349061213,1.89,2.91,HT-17,XZ,FALSE,dextral,NA,0.5625642483760197,0.3182884145357755,0.04186025799062279,HT-17 (XZ)
148,2246.25,683.25,46.385,22.475,3275.1193734462386,2.064,22.83,HT-17,XZ,FALSE,dextral,NA,0.6197788025161518,0.36232292380965814,0.042013961119692245,HT-17 (XZ)
149,602.25,463.5,50.031,33.825,5316.5127709004755,1.479,102.99,HT-17,XZ,FALSE,dextral,NA,0.372537405398249,0.19568309186433142,0.0682014105073433,HT-17 (XZ)
150,378.75,538.5,38.55,33.289,4031.5774209382666,1.158,52.91,HT-17,XZ,FALSE,dextral,NA,0.14565110783420843,0.07334718957540172,0.05171797351499191,HT-17 (XZ)
151,909.75,1963.5,29.868,19.629,1841.8497113893761,1.522,38.88,HT-17,XZ,FALSE,dextral,NA,0.39695171151134756,0.21001262971974705,0.0236276585183529,HT-17 (XZ)
152,158.25,1558.5,69.786,27.912,6119.404129582424,2.5,1.85,HT-17,XZ,FALSE,dextral,NA,0.7241379310344828,0.45814536593707755,0.07850107976535423,HT-17 (XZ)
153,1210.5,2006.25,40.389,14.329,1818.146423092375,2.819,15.07,HT-17,XZ,FALSE,dextral,NA,0.7764554121877181,0.5181911060659877,0.023323587454258783,HT-17 (XZ)
154,240,1401.75,33.305,22.512,2355.447293795615,1.479,54.16,HT-17,XZ,FALSE,dextral,NA,0.372537405398249,0.19568309186433142,0.030216202750766013,HT-17 (XZ)
155,427.5,3283.5,84.284,22.16,5867.657653967993,3.803,-11.81,HT-17,XZ,FALSE,dextral,NA,0.870657394785126,0.6678951144730613,0.07527161987933036,HT-17 (XZ)
156,180.75,3232.5,42.757,15.91,2137.111976494562,2.687,1.01,HT-17,XZ,FALSE,dextral,NA,0.7566900799747541,0.4942126648166771,0.02741534864861776,HT-17 (XZ)
157,249.75,2901,34.353,26.035,2809.7787527830315,1.319,-36.12,HT-17,XZ,FALSE,dextral,NA,0.2700093183310515,0.13843693686758876,0.03604446794565104,HT-17 (XZ)
158,2058,3154.5,22.612,13.098,930.4517040007725,1.726,-5.71,HT-17,XZ,FALSE,dextral,NA,0.4973707463742839,0.2729032963306181,0.011936041792121124,HT-17 (XZ)
159,1913.25,3078.75,19.801,13.829,860.2561242533728,1.432,-37.3,HT-17,XZ,FALSE,dextral,NA,0.34439642512482693,0.1795360342692269,0.01103555725339171,HT-17 (XZ)
160,1233.75,674.25,36.045,27.609,3126.407467047365,1.306,-23.72,HT-17,XZ,FALSE,dextral,NA,0.26080226608457313,0.13348451542711967,0.04010625164683015,HT-17 (XZ)
161,1370.75,696.75,36.77,28.623,3306.4248258764733,1.285,67.62,HT-17,XZ,FALSE,dextral,NA,0.24563173627285492,0.12537935917359153,0.042415554439283,HT-17 (XZ)
162,1836.25,1032.25,24.01,12.748,961.577045782584,1.884,-31.37,HT-17,XZ,FALSE,dextral,NA,0.5603870001160579,0.3166985880770856,0.012335324612179722,HT-17 (XZ)
163,1295.75,2504.5,36.014,12.649,1431.1245291859161,2.847,1.59,HT-17,XZ,FALSE,dextral,NA,0.7803503390127781,0.5231329041479502,0.0183587843588694,HT-17 (XZ)
164,879.75,2424,31.579,21.36,2119.09045014873,1.478,23.32,HT-17,XZ,FALSE,dextral,NA,0.3719547656700426,0.19534491126300502,0.027184164492904197,HT-17 (XZ)
165,3705.75,3460,47.024,12,1772.763035308877,3.919,-1.83,HT-17,XZ,FALSE,dextral,NA,0.8777398574361155,0.6829182596087472,0.022741399242960262,HT-17 (XZ)
166,4061.25,3254.5,33.47,11.236,1181.4553563154477,2.979,-13.83,HT-17,XZ,FALSE,dextral,NA,0.7974568889519923,0.5457938368655726,0.015155972575331895,HT-17 (XZ)
167,4432.25,3334,26.58,13.793,1151.7642269782234,1.927,-16.39,HT-17,XZ,FALSE,dextral,NA,0.5756714627814015,0.32798219471611467,0.014775088152099016,HT-17 (XZ)
168,4253.25,3353.5,51.198,41.367,6653.603164487105,1.238,148.17,HT-17,XZ,FALSE,dextral,NA,0.2103114373753279,0.10674858713120218,0.0853539040210533,HT-17 (XZ)
169,4565.75,3452.5,55.987,53.141,9346.882695569593,1.054,19.8,HT-17,XZ,FALSE,dextral,NA,0.05254401406782649,0.026296225059585315,0.11990389399112733,HT-17 (XZ)
170,3930.75,2766,59.154,37,6875.997557726673,1.599,67.12,HT-17,XZ,FALSE,dextral,NA,0.4376969642102552,0.23468921692590858,0.08820682885382755,HT-17 (XZ)
171,5493.25,2665.5,43.832,42.503,5852.760397533859,1.031,-110.71,HT-17,XZ,FALSE,dextral,NA,0.03051972383384845,0.015264602517411395,0.07508051455422729,HT-17 (XZ)
172,5197.75,2584,43.003,27.722,3745.1842300357266,1.551,-0.67,HT-17,XZ,FALSE,dextral,NA,0.41273214331332414,0.21944994209720087,0.04804405784490056,HT-17 (XZ)
173,5906.25,2754,19.66,9.823,606.7049387479385,2.001,-82.69,HT-17,XZ,FALSE,dextral,NA,0.6003198240767738,0.34682352780079817,0.007782946146741292,HT-17 (XZ)
174,6343.25,2257.5,89.17,49.366,13829.184738102433,1.806,-86.46,HT-17,XZ,FALSE,dextral,NA,0.5306966620330784,0.2955572274973969,0.17740386338721478,HT-17 (XZ)
175,5979.25,1047,75.541,20.555,4878.09308600441,3.675,-1.9,HT-17,XZ,FALSE,dextral,NA,0.8621224524968762,0.6507765663324,0.06257726509613379,HT-17 (XZ)
176,5228.75,1275,30.037,16.771,1582.5789548651867,1.791,-2.86,HT-17,XZ,FALSE,dextral,NA,0.5246787957547162,0.29138706153928734,0.02030167548017791,HT-17 (XZ)
177,5357.75,1261,20.5,11.011,709.1375725278828,1.862,-12.68,HT-17,XZ,FALSE,dextral,NA,0.5522766285713775,0.3108255894274377,0.00909697479800532,HT-17 (XZ)
178,5929.75,1217,27.554,13.238,1145.9268713677,2.081,-11.51,HT-17,XZ,FALSE,dextral,NA,0.6248049689329134,0.3664242737057487,0.014700205253585218,HT-17 (XZ)
179,3777.25,1362,31.185,11.18,1095.3109379665702,2.789,12.03,HT-17,XZ,FALSE,dextral,NA,0.7721711892014611,0.512841554322676,0.014050892781131944,HT-17 (XZ)
180,3734.25,2248.5,17.414,11.18,611.6320241702696,1.558,-39.17,HT-17,XZ,FALSE,dextral,NA,0.41646116373983044,0.2217014737242783,0.00784615189644482,HT-17 (XZ)
181,4656.25,685.5,34.86,12.349,1352.4120948962272,2.823,8.25,HT-17,XZ,FALSE,dextral,NA,0.7770178794868602,0.5189000746356761,0.01734904371225489,HT-17 (XZ)
182,4463.25,772,19.039,17.868,1068.7347982763454,1.066,-119.93,HT-17,XZ,FALSE,dextral,NA,0.06382644091153353,0.03195666287182643,0.01370996813920608,HT-17 (XZ)
183,3826.75,3342.5,23.345,22.594,1657.054816373026,1.033,43.26,HT-17,XZ,FALSE,dextral,NA,0.03245578685775007,0.016233595068750706,0.0212570684271084,HT-17 (XZ)
184,4134.25,3426,45.525,10.012,1431.9263076134093,4.547,1.89,HT-17,XZ,FALSE,dextral,NA,0.9077286867222365,0.7572338374214367,0.018369069751198126,HT-17 (XZ)
185,4954.75,3541,51.549,30.083,4871.820305652099,1.714,8.37,HT-17,XZ,FALSE,dextral,NA,0.4921016731186684,0.269414910087794,0.06249679647200633,HT-17 (XZ)
186,2989.25,1342.5,38.939,24.331,2976.422819783113,1.6,-24.26,HT-17,XZ,FALSE,dextral,NA,0.4382022471910113,0.23500181462286782,0.03818221517054123,HT-17 (XZ)
187,2294.25,1272,24.829,13.314,1038.5266696024908,1.865,-25.02,HT-17,XZ,FALSE,dextral,NA,0.5533944810722998,0.3116305265478894,0.013322451533279588,HT-17 (XZ)
188,4552.25,2780.21,43.636,32.949,4516.864308668824,1.324,-24.36,HT-17,XZ,FALSE,dextral,NA,0.27351346324849907,0.14032872875740826,0.057943341847613634,HT-17 (XZ)
189,4766,2999.96,31.545,14.151,1402.3858961837414,2.229,-18,HT-17,XZ,FALSE,dextral,NA,0.6649041181775944,0.4007765272018659,0.017990118770867956,HT-17 (XZ)
190,4227.5,2842.46,18.75,13.353,786.5566256884595,1.404,16.26,HT-17,XZ,FALSE,dextral,NA,0.32687492259061607,0.16966265280180967,0.010090123663290566,HT-17 (XZ)
191,5457.5,3260.96,64.12,54.317,10941.55786914216,1.18,24.17,HT-17,XZ,FALSE,dextral,NA,0.16401939475004176,0.08275721923878666,0.14036074246029231,HT-17 (XZ)
192,6110,3452.96,45.006,41.488,5866.009850922073,1.085,-66.43,HT-17,XZ,FALSE,dextral,NA,0.08139948788021448,0.04078999349621142,0.07525048149467621,HT-17 (XZ)
193,5828,2951.21,42.24,30.759,4081.7461737578997,1.373,73.5,HT-17,XZ,FALSE,dextral,NA,0.30679009500095145,0.158499063392917,0.05236154945530019,HT-17 (XZ)
194,4907,2900.96,96.657,26.421,8022.919512859434,3.658,-6.68,HT-17,XZ,FALSE,dextral,NA,0.8609272646812828,0.648458274984337,0.10291979926368618,HT-17 (XZ)
195,6398.75,2730.71,35.568,13.353,1492.06645666598,2.664,-155.06,HT-17,XZ,FALSE,dextral,NA,0.7529917637573708,0.48991437633907137,0.01914056098431567,HT-17 (XZ)
196,6245.75,3189.71,52.634,33.75,5580.7173358552745,1.56,-32.78,HT-17,XZ,FALSE,dextral,NA,0.41752096924510723,0.22234291063072287,0.0715906855394701,HT-17 (XZ)
197,83.5,799.5,87.464,63.089,17335.35945790236,1.386,67.83,HT-17,XZ,FALSE,dextral,NA,0.3153020408107371,0.16321095038385572,0.2223818539761554,HT-17 (XZ)
